stockCode,stockName
A006840,AK홀딩스
A001040,CJ
A000120,CJ대한통운
A005830,DB손해보험
A000990,DB하이텍
A006360,GS건설
A007070,GS리테일
A012630,HDC
A001060,JW중외제약
A002380,KCC
A003550,LG
A001120,LG상사
A011070,LG이노텍
A006260,LS
A010120,LS산전
A005940,NH투자증권
A010060,OCI
A005490,POSCO
A010950,S-Oil
A011790,SKC
A001740,SK네트웍스
A006120,SK디스커버리
A000660,SK하이닉스
A005610,SPC삼립
A010130,고려아연
A002240,고려제강
A011780,금호석유
A000270,기아차
A003920,남양유업
A002350,넥센타이어
A006280,녹십자
A005250,녹십자홀딩스
A004370,농심
A008060,대덕전자
A000210,대림산업
A001680,대상
A006650,대한유화
A003490,대한항공
A001230,동국제강
A000640,동아쏘시오홀딩스
A001520,동양
A014820,동원시스템즈
A000150,두산
A004000,롯데정밀화학
A004990,롯데지주
A005300,롯데칠성
A011170,롯데케미칼
A002270,롯데푸드
A008560,메리츠종금증권
A006800,미래에셋대우
A003850,보령제약
A003000,부광약품
A005180,빙그레
A006400,삼성SDI
A009150,삼성전기
A005930,삼성전자
A010140,삼성중공업
A000810,삼성화재
A000070,삼양홀딩스
A004490,세방전지
A001430,세아베스틸
A004170,신세계
A003410,쌍용양회
A003620,쌍용차
A002790,아모레G
A010780,아이에스동서
A005850,에스엘
A012750,에스원
A003520,영진약품
A000670,영풍
A007310,오뚜기
A001800,오리온홀딩스
A000030,우리은행
A014830,유니드
A000100,유한양행
A007570,일양약품
A003240,태광산업
A000080,하이트진로
A002960,한국쉘석유
A015760,한국전력
A000240,한국타이어월드와이드
A008930,한미사이언스
A009240,한샘
A014680,한솔케미칼
A009420,한올바이오파마
A003300,한일홀딩스
A000880,한화
A012450,한화에어로스페이스
A009830,한화케미칼
A000720,현대건설
A005440,현대그린푸드
A012330,현대모비스
A010620,현대미포조선
A011210,현대위아
A004020,현대제철
A009540,현대중공업
A005380,현대차
A001450,현대해상
A008770,호텔신라
A004800,효성
A027410,BGF
A282330,BGF리테일
A138930,BNK금융지주
ACGV,CJ
A097950,CJ제일제당
A114090,GKL
A078930,GS
A294870,HDC현대산업개발
A096760,JW홀딩스
A105560,KB금융
A030200,KT
A033780,KT&G
A093050,LF
A034220,LG디스플레이
A051900,LG생활건강
A032640,LG유플러스
A066570,LG전자
A108670,LG하우시스
A051910,LG화학
A079550,LIG넥스원
A035420,NAVER
A064960,S&T모티브
A034120,SBS
A034730,SK
A096770,SK이노베이션
A285130,SK케미칼
A017670,SK텔레콤
A035250,강원랜드
A073240,금호타이어
A024110,기업은행
A025860,남해화학
A251270,넷마블
A019680,대교
A047040,대우건설
A042660,대우조선해양
A069620,대웅제약
A026960,동서
A170900,동아에스티
A049770,동원F&B
A241560,두산밥캣
A042670,두산인프라코어
A034020,두산중공업
A115390,락앤락
A023530,롯데쇼핑
A071840,롯데하이마트
A204320,만도
A033920,무학
A028260,삼성물산
A207940,삼성바이오로직스
A032830,삼성생명
A018260,삼성에스디에스
A028050,삼성엔지니어링
A016360,삼성증권
A029780,삼성카드
A145990,삼양사
A068270,셀트리온
A055550,신한지주
A090430,아모레퍼시픽
A036570,엔씨소프트
A111770,영원무역
A271560,오리온
A214320,이노션
A139480,이마트
A020150,일진머티리얼즈
A030000,제일기획
A185750,종근당
A035720,카카오
A192820,코스맥스
A120110,코오롱인더
A021240,코웨이
A192400,쿠쿠홀딩스
A036580,팜스코
A028670,팬오션
A047050,포스코대우
A103140,풍산
A086790,하나금융지주
A036460,한국가스공사
A071050,한국금융지주
A025540,한국단자
A161890,한국콜마
A161390,한국타이어
A047810,한국항공우주
A060980,한라홀딩스
A128940,한미약품
A020000,한섬
A105630,한세실업
A018880,한온시스템
A051600,한전KPS
A052690,한전기술
A097230,한진중공업
A088350,한화생명
A086280,현대글로비스
A064350,현대로템
A079430,현대리바트
A069960,현대백화점
A017800,현대엘리베이
A267250,현대중공업지주
A057050,현대홈쇼핑
A093370,후성
A069260,휴켐스